{"cameraMode":{"drawMode":0,"name":"Shaded","section":"Shading Mode"},"sceneLighting":true,"audioPlay":false,"sceneViewState":{"m_AlwaysRefresh":false,"showFog":true,"showSkybox":true,"showFlares":true,"showImageEffects":true,"showParticleSystems":true,"showVisualEffectGraphs":true,"m_FxEnabled":true},"in2DMode":false,"pivot":{"x":2.3939120769500734,"y":1.2197325229644776,"z":-0.8605952858924866},"rotation":{"x":0.009535633958876133,"y":-0.8242207765579224,"z":0.013842741027474404,"w":0.566046953201294},"size":2.86335825920105,"orthographic":false}