{"cameraMode":{"drawMode":0,"name":"Shaded","section":"Shading Mode"},"sceneLighting":true,"audioPlay":false,"sceneViewState":{"m_AlwaysRefresh":false,"showFog":true,"showSkybox":true,"showFlares":true,"showImageEffects":true,"showParticleSystems":true,"showVisualEffectGraphs":true,"m_FxEnabled":true},"in2DMode":false,"pivot":{"x":4.994210243225098,"y":1.0767600536346436,"z":-3.3981316089630129},"rotation":{"x":0.05591049790382385,"y":-0.9013576507568359,"z":0.12242819368839264,"w":0.4116353988647461},"size":6.744431972503662,"orthographic":true}